id     , title                                                                       , score, num_comments, author              , created_utc        , url                                                                                                         , over_18, edited, spoiler, stickied
1op7yd0, Is work life balance in data engineering is non-existent?                   ,    99,           73, shanksfk            , 2025-11-05 16:44:47, https://www.reddit.com/r/dataengineering/comments/1op7yd0/is_work_life_balance_in_data_engineering_is/      , False  , False , False  , False
1op0rqb, Best Conferences for Data Engineering                                       ,    38,           17, AMDataLake          , 2025-11-05 11:51:44, https://www.reddit.com/r/dataengineering/comments/1op0rqb/best_conferences_for_data_engineering/            , False  , False , False  , False
1op2hle, pg_lake is out!                                                             ,    35,           13, Wastelander_777     , 2025-11-05 13:13:09, https://www.reddit.com/r/dataengineering/comments/1op2hle/pg_lake_is_out/                                   , False  , False , False  , False
1opgre4, Data Governance!                                                            ,    18,           17, Any_Ad7701          , 2025-11-05 22:03:46, https://www.reddit.com/r/dataengineering/comments/1opgre4/data_governance/                                  , False  , False , False  , False
1ooyobk, Samara: A 100% Config-Driven ETL Framework [FOSS]                           ,     8,            5, ThqXbs8             , 2025-11-05 09:46:48, https://www.reddit.com/r/dataengineering/comments/1ooyobk/samara_a_100_configdriven_etl_framework_foss/     , False  , False , False  , False
1opfr0a, Is this job for real?                                                       ,     6,            3, Comfortable-Tie9199 , 2025-11-05 21:25:14, https://www.reddit.com/r/dataengineering/comments/1opfr0a/is_this_job_for_real/                             , False  , False , False  , False
1op9z6x, Is it worth staying in an internship where I’m not really learning anything?,     5,           49, Express_Ad_6732     , 2025-11-05 17:56:08, https://www.reddit.com/r/dataengineering/comments/1op9z6x/is_it_worth_staying_in_an_internship_where_im_not/, False  , False , False  , False
1ophgtn, Please help me understand market rates.                                     ,     2,            5, Dapper-Computer-7102, 2025-11-05 22:30:38, https://www.reddit.com/r/dataengineering/comments/1ophgtn/please_help_me_understand_market_rates/           , False  , False , False  , False
1op8ox8, Databricks removed scala in apache spark certification?                     ,     3,            0, Historical-Ant-5218 , 2025-11-05 17:11:04, https://www.reddit.com/r/dataengineering/comments/1op8ox8/databricks_removed_scala_in_apache_spark/         , False  , False , False  , False
1opmk25, "Platform, Systems, Real-Time work"                                         ,     2,            0, lil_faucet          , 2025-11-06 02:09:20, https://www.reddit.com/r/dataengineering/comments/1opmk25/platform_systems_realtime_work/                   , False  , False , False  , False
1ooxica, CDC and schema changes                                                      ,     2,            0, Emanolac            , 2025-11-05 08:30:15, https://www.reddit.com/r/dataengineering/comments/1ooxica/cdc_and_schema_changes/                           , False  , False , False  , False
1ophvbf, Deletions in ETL pipeline (wordpress based system)                          ,     1,            0, FarBowler7985       , 2025-11-05 22:46:25, https://www.reddit.com/r/dataengineering/comments/1ophvbf/deletions_in_etl_pipeline_wordpress_based_system/ , False  , False , False  , False
1op73uu, Choosing Data lake Tool                                                     ,     1,           10, KP2692              , 2025-11-05 16:13:56, https://www.reddit.com/r/dataengineering/comments/1op73uu/choosing_data_lake_tool/                          , False  , False , False  , False
1oowf39, Cumulative Statistics in PostgreSQL 18                                      ,     0,            0, talktomeabouttech   , 2025-11-05 07:18:36, https://www.data-bene.io/en/blog/cumulative-statistics-in-postgresql-18/                                    , False  , False , False  , False
